Img,Image_Set,Memorability_Score,Num_Ratings,Mean_Valence,Mean_Arousal
003b4444e624e41a4553d652cdc5a983.jpg,Places,0.69324489,40,3,4.675
01dda5672da86989cbe428226392efd5.jpg,Places,0.63651349,42,7.30952381,5.904761905
01e25ec2b653507e0fac4ae6730c3706.jpg,Places,0.672271235,40,7,5.65
01e9ff90b87d78f52de8f4cee0fd28e1.jpg,Places,0.617999511,43,7,4.953488372
01eaa9d3e93ad66b6182e77489aa56ea.jpg,Places,0.615415822,40,6.425,5.15
01f870e557961e3faef0856f12309fa4.jpg,Places,0.658424908,42,3.238095238,4.80952381
02a108b4bc4d6ca41a136435224928d2.jpg,Places,0.677039529,40,5.475,4.15
02b3272e1d1feafc656aa04b82e9ffa5.jpg,Places,0.553466872,45,6.755555556,4.955555556
02b795f5cb873198bbcdcba8e3e11cca.jpg,Places,0.756478054,40,3.55,3.8
02c05e69286823f10f4ab01f26fc6812.jpg,Places,0.712837838,40,6.375,4.975
02c5e03a399d585427e32b454d57de71.jpg,Places,0.616620879,51,4.843137255,3.352941176
02ec8ea5e3554dfb0f838780cc287758.jpg,Places,0.492097701,40,4.525,4.2
03b8acc17e9fa12795ac1bdce10e01fe.jpg,Places,0.774684994,51,3.196078431,3.666666667
04010bc443e63d3299791526581d1c6a.jpg,Places,0.706976744,49,5.244897959,3.93877551
04c7e1e045d2a464c7660a5a1dc6b521.jpg,Places,0.758693361,40,1.9,6.8
04d47b8184a2bdde9179efa50640e7d3.jpg,Places,0.548571429,40,5.7,3.85
04de1856fcea231f42ad01035f9b1c56.jpg,Places,0.834257206,40,5.525,4.325
05959e48f7447bcd3f67d4807a6b7b4e.jpg,Places,0.689509676,49,5.020408163,4.265306122
05d8821c014d8c5811839b8245fef778.jpg,Places,0.772880683,40,3.3,5.175
05e0ccb29e66f0205468594900a6183c.jpg,Places,0.57290562,40,6.025,4.45
05f053f20441224f9bde4fb2cebde1ea.jpg,Places,0.657790143,40,6.45,4.975
05f5f831733b4fcffaac3613124a4ef9.jpg,Places,0.605809859,43,6,5.069767442
06a9ade692b9894b771ba657cade7770.jpg,Places,0.605352304,45,3.666666667,3.044444444
06d26db007c559279f26819efcdd8c97.jpg,Places,0.7125,51,4.588235294,3.31372549
06d33ac733c970cbc37f9d1a6c38116d.jpg,Places,0.776209677,45,4.8,4.666666667
072df3db3bb17ed49dac836642611d58.jpg,Places,0.533682937,49,4.857142857,3.816326531
07aff1491399cda2fbdb363c5fb98a04.jpg,Places,0.730990669,45,2.733333333,5
07b98f0075d2baf40f8a46dbc3147988.jpg,Places,0.456410256,40,5.975,4.075
07bdda6b3822bc761b9c451536422c73.jpg,Places,0.706917558,43,4.581395349,3.558139535
07c99bf394859e3fdde94626a4aedb79.jpg,Places,0.600831601,43,3.581395349,3.348837209
07cf5e9b9aad501863fe286256b8433d.jpg,Places,0.647981315,43,5.325581395,4.11627907
07fbc5d4f0c1ab43be1954cbf040156e.jpg,Places,0.567907996,49,1.836734694,6.102040816
0841f280aff55c74ee0dffdaf4188ea4.jpg,Places,0.511715934,49,5.775510204,4.448979592
08578eab23408bf318dfd6db70500e8c.jpg,Places,0.649744753,51,6.039215686,5.039215686
0cfe87730c34e33ddefcea72a76866e1.jpg,Places,0.686692506,53,5.471698113,4.113207547
0f271a073aca919eaf73077a0a550867.jpg,Places,0.561882339,51,5.607843137,4.784313725
1216885fcd1996d72778d37973d8a999.jpg,Places,0.753485854,56,3.357142857,3.410714286
134b290238223fd49f2dee79a7587f06.jpg,Places,0.697200243,54,4.388888889,4.018518519
158014689825043d5b49ffcf135892b5.jpg,Places,0.619136961,51,2.235294118,5
15b2fecb8d54103bbfccd9e0cf34a77e.jpg,Places,0.642288862,49,7.448979592,6.346938776
173e8fe5c0c53b4f5385c8a7e86a861a.jpg,Places,0.591575092,49,5.040816327,4.040816327
1abe1596b69591f149b15811c4ebf8d4.jpg,Places,0.625848293,51,2.921568627,3.862745098
1cbef3c5cb4fe716e034186cb1f459b5.jpg,Places,0.646030861,56,2.053571429,5.339285714
1d1126855bbfe8686076894dafc7e2dd.jpg,Places,0.632409131,40,6.125,4.625
1d6107741d00d7d7c948236f08261022.jpg,Places,0.697496609,40,7.25,5.55
1dbc7df4af0afedb6bc0d91abf65d058.jpg,Places,0.768162275,40,7.275,5.8
1dc361f76251ff72a0694023d1916f60.jpg,Places,0.577430386,40,7.05,5.375
1dc5c3b08060954e521c75ea837eb71d.jpg,Places,0.620050719,40,4.75,4.125
1dd3a731a3e1716b73cb2d1b65d83d7a.jpg,Places,0.794805195,40,5.2,5.35
1dd77ec744fb837935ab3df63483c776.jpg,Places,0.685149366,40,4.7,3.8
1dd996ab9593336670e1b93dd8ba9f1a.jpg,Places,0.620234929,40,4.825,3.475
1ddda63362e0721f412de80fd0ca4883.jpg,Places,0.748892314,40,3.75,4.325
1ded6e97d0ad65c21ef12e8872f75185.jpg,Places,0.550936888,42,6.5,4.857142857
1e0039c3ff70aa9ddd88b4f712810288.jpg,Places,0.649513473,40,7.525,5.875
1e0ac70f7b7b43cce98bf26a2240e6f0.jpg,Places,0.629164953,43,5.651162791,4.76744186
1e0bf22bb974ebd8945c4143dd06ba19.jpg,Places,0.901378373,40,4.65,5
1e11737ef84d2540acdb3e95be306366.jpg,Places,0.664603175,40,4.825,4.675
1e17d2e98031547bec6f4684524e29d2.jpg,Places,0.501995242,40,4.425,4.125
1e26d745a0951bfa5278805abf6ba298.jpg,Places,0.698493976,43,4.837209302,3.906976744
1e31bf1c05c2786e4e14276e30f4cd5c.jpg,Places,0.565583087,40,2.975,3.975
1e35e7e28213e147fab78aea8e504e2b.jpg,Places,0.809166491,45,7.066666667,6.155555556
1e4a0f9289367ab74a587f6f44a4d5e9.jpg,Places,0.59499232,45,6.111111111,4.777777778
1e5331dcb6300b78f27530fad9151075.jpg,Places,0.813972873,45,1.955555556,5.111111111
1e55bcaa25fabbc8578a7277fc33739b.jpg,Places,0.706190476,40,4.4,3.525
1e571e151e1117ad2d65e10293008f3b.jpg,Places,0.708156028,40,4.175,3.725
1e5961026da783754d8ece7706b3b060.jpg,Places,0.614498645,40,3.4,3.875
1e6a60f1817f555f789e697ee2286ae1.jpg,Places,0.535209847,40,8,6.175
1e6adb94e473b7b03da0dac131148d3d.jpg,Places,0.586373626,40,3.1,3.3
1e6b7bdeff775085076c033c886f9be9.jpg,Places,0.653788919,40,4.775,4.45
1e7b01b9407cb445ba0ddf605496cebc.jpg,Places,0.687135315,40,6.125,5.475
1e7ce32a3cbdae096a502e6c8076f79b.jpg,Places,0.737660773,40,2.75,4.9
1e7d10af2893cad8262309c1cbc2cf9a.jpg,Places,0.651883239,40,4.85,4.875
1e8b1c227937cf0e65acd92b50392f3e.jpg,Places,0.707202612,40,5.875,4.8
1e8d554bd33ee06f1f5bb421c6f25fe9.jpg,Places,0.679687935,40,5.85,4.25
1e901ec959fc45590d29efb421923c34.jpg,Places,0.70046663,66,3.560606061,4.348484848
1e94ffb7f9974a4e16b4667988e5fe04.jpg,Places,0.747773704,40,4.775,4.925
1e97f5f28a04bcb22ac4e46ec8955edb.jpg,Places,0.723750566,40,5.175,4.15
1e9a7348801ea6809c3124d8d5ea2cae.jpg,Places,0.725357571,43,4.674418605,5
1ea7203c56796c5909a142fa13567bcb.jpg,Places,0.707161569,40,5.15,3.675
1eafbbd1f74c8a605ae44aaa0c029ff5.jpg,Places,0.783162271,40,6.05,5.3
1ec3da084ef6bb404b0f4e706f3dca08.jpg,Places,0.717230444,43,4.651162791,5.325581395
1ed3f9920ce7b51e85a48d73b6970a23.jpg,Places,0.636631016,43,3.813953488,4.465116279
1ed67ec76a0c777b8e5355f354aba9da.jpg,Places,0.753257082,40,5.4,4.15
1edc24658eaa9e85cfeacfabd589acf6.jpg,Places,0.658204688,45,7.133333333,5.755555556
1edf5f73aaf37ebc3193e17560540498.jpg,Places,0.750158529,40,5.725,4.125
1ee7db919447af22c4e020dc971d886d.jpg,Places,0.585416667,40,4.9,3.775
1ee97f16728673edee438113bafa6297.jpg,Places,0.634735513,64,5.671875,4.609375
1eec067883ec4da9a4f1847ce01edf8b.jpg,Places,0.536445309,40,5.7,4.05
1eec1f3b01e05351d9ff41e3a55f9e27.jpg,Places,0.772216914,66,6.136363636,5.03030303
1ef4cac9464d4653598135ae1d61b04c.jpg,Places,0.623798756,40,4.175,3.975
1f0e8f8ce9366c8c322760581a0837e7.jpg,Places,0.555087719,42,3.523809524,3.428571429
1f13b2825be0ba034d5aa84a1f6a3db5.jpg,Places,0.54699273,40,5.75,4.4
1f1fe398d640f5cb7e6e173f3bcd5d5c.jpg,Places,0.699459459,40,2.425,6.075
1f2a1d44828ccded62a77326ea63a813.jpg,Places,0.65946697,40,6.9,5.125
1f2adbc296992ce12f022855d9deb425.jpg,Places,0.743725919,40,6.775,5.15
1f2dda51b5242f07a9d6c869db4548e1.jpg,Places,0.479037379,40,4.2,4.125
1f36c2fb67e730ab45dac6eecb826ed4.jpg,Places,0.663198779,40,4.45,3.5
1f396089db473a11f89829bac0516dd9.jpg,Places,0.550383352,40,4.975,4.075
1f3b7686aec06ee6317689913a80be4d.jpg,Places,0.725668449,40,4.425,4.325
1f400d28261cb15a25e91e7be56110ba.jpg,Places,0.552419355,40,6.1,4.9
1f54b4a7227a65befed260d2250c5f7f.jpg,Places,0.711460674,40,6.9,5.925
1f70ece26cb7ddab09e7389717665ce5.jpg,Places,0.713036566,43,6.023255814,5.744186047
1f80696cb32ea4cf78d96db7492824c3.jpg,Places,0.610883956,43,4.093023256,4.279069767
1f884f3be8fd5e4e460b23c78db76d16.jpg,Places,0.737233446,43,4.930232558,4.418604651
1f8f17ae4c44378ad7ea2db1ef0bfc25.jpg,Places,0.650835276,43,3.76744186,4.302325581
1f9a82ccaf0a33edbbaab571d60d0058.jpg,Places,0.784227537,43,4.76744186,3.930232558
1fbe50e9fbfb4cd25adb8887c3a48e67.jpg,Places,0.795899348,43,4.674418605,5.488372093
1fe7a8e5f31789be5be02e5cf90ec71f.jpg,Places,0.714031241,43,5.534883721,4.88372093
1ff93f044a2f56339403ccc24740e14b.jpg,Places,0.612317915,43,3.139534884,4.418604651
206bc985a381318246da8073d6491671.jpg,Places,0.639495798,60,5.383333333,4.666666667
2301953e90a7e451f9113cb4ad3d4d78.jpg,Places,0.745817246,62,3.983870968,5
258deca908113596dbdaa3e9e908e0b2.jpg,Places,0.58625731,62,3.919354839,3.85483871
29d7775002cc48aee7b8ad5509ade341.jpg,Places,0.622574956,60,3.633333333,3.9
2a01c0454e5be6e72c730c5951d01eb3.jpg,Places,0.611062944,43,4.581395349,4.046511628
2a0735c755f4e13681ed4ddf484b6ec1.jpg,Places,0.749924585,43,3.790697674,3.837209302
2a0893b9eb05c70bbf37427ff8b03490.jpg,Places,0.740310078,43,5.511627907,5.348837209
2a108677e97ca05cfd3ffaf1bcf4ab6f.jpg,Places,0.522643819,43,3.209302326,3.76744186
2a2a25458985c1efa5ba592c203c6387.jpg,Places,0.683691309,43,4.76744186,4.11627907
2a3c588170a6bf80d052d1c017bbf1f4.jpg,Places,0.834498394,43,2.930232558,4.604651163
2a4a081b01992094c1ec1fe3089f9fd8.jpg,Places,0.732709151,43,5.906976744,4.651162791
2a4a79fd4033ff2590f535000926d00f.jpg,Places,0.750075068,43,7.744186047,6.11627907
2a4cdd3fa89eb55661ced0660a0958a7.jpg,Places,0.457557707,43,4.348837209,4.88372093
2a569badca3d9b61a0187834037c83e6.jpg,Places,0.734647887,43,4.76744186,3.627906977
2a608dc6d5195d76ed0be5bb46e5922e.jpg,Places,0.788984088,43,2.186046512,4.511627907
2a6243792301ce0a837aa4ec2d89162f.jpg,Places,0.709090909,43,3.581395349,4.279069767
2a7327a4a7c977e3b369401cc7c96a47.jpg,Places,0.720178372,43,3.953488372,4.930232558
2a78229e95a5f44039805368f842acef.jpg,Places,0.701042442,43,5.418604651,4.046511628
2a8659163f2f90b32eba885c4df554d5.jpg,Places,0.616532117,43,6.11627907,5.11627907
2a8eb6ce5ebafaad02cade23a3487b3e.jpg,Places,0.672268908,43,3.418604651,3.162790698
2a9254a61bb8e28d864ca46df2215281.jpg,Places,0.715183752,43,4.372093023,4.488372093
2a94aa054427f320ddea81ce314f57c4.jpg,Places,0.596770335,43,4,4.11627907
2a984543bf5c81146908ad57894dfa5d.jpg,Places,0.523589744,43,4.046511628,4.348837209
2a9d0e1facb66e8d4a1369056bc2b969.jpg,Places,0.759027778,43,3.209302326,3.837209302
2aa7d16216672ee000ee2bd2adac4cfc.jpg,Places,0.80726817,43,4.651162791,3.627906977
2ab8f96b2542d6da1ac72f266f668397.jpg,Places,0.632271838,43,3.465116279,3.627906977
2abb120cd5a781286741182cc4bb6dd2.jpg,Places,0.625657895,43,3.488372093,3.255813953
2ac0aa405140314ab53ca49847179498.jpg,Places,0.65530303,43,6.581395349,5.744186047
2af838af77d779b2a4e28f27f7fb1691.jpg,Places,0.707842281,43,5.534883721,4
2b37ae2fe44666609c3b1131afdfbf75.jpg,Places,0.593648412,43,6.418604651,4.930232558
2b59757d380eb3ba7c90a7e31c7fd497.jpg,Places,0.636645963,40,6.775,5.4
2b7ba3e163d37ef892b5dca98704d076.jpg,Places,0.67690695,41,4.902439024,3.463414634
2b8860dd1c101addfd46ba39d243773c.jpg,Places,0.609266409,43,3.860465116,4.139534884
2b9365dbc0a3ae7cfe0fe309b113a73d.jpg,Places,0.634296415,43,3.488372093,4.465116279
2bc6edca13992e7542e0f46926126271.jpg,Places,0.724528302,43,2.627906977,4.558139535
2bc874bae8fec267de2ad426eb28d294.jpg,Places,0.732864137,43,3.348837209,4.744186047
2c10a7cd5422dcf220c595692e36ffd9.jpg,Places,0.658572197,43,6.11627907,4.558139535
2c2bd0d099f8e92bbbad1aec3c32e829.jpg,Places,0.762099309,43,3.674418605,3.395348837
2c43be4c7208be10bbd252ccceb69525.jpg,Places,0.663275194,62,5.64516129,4.951612903
2c4604c72073d2e7c20e89dc6acc08b1.jpg,Places,0.710968379,43,2.906976744,5.046511628
2c67c68f0d5775eacb7a6282950c23d0.jpg,Places,0.671725864,43,3.046511628,4.279069767
2c69023e250595976996f3d786cc6227.jpg,Places,0.646615511,43,5.837209302,4.441860465
2c7340a47a4daa8b614df5c379f2c502.jpg,Places,0.753148959,43,4.302325581,3.604651163
2c9bea06e1286af79725ebe7a1a3a112.jpg,Places,0.58392435,43,3.069767442,3.674418605
2caf6014b29179b1f94d0ea603ccb55c.jpg,Places,0.528983212,62,4.661290323,3.564516129
2d16fb8f4ab378c76d8e307deac8a4f1.jpg,Places,0.588481338,43,6.255813953,4.813953488
2d2d8c2e920bc48382220b61ceb63b0f.jpg,Places,0.763264519,43,5.302325581,4.395348837
2d531753e947038d2aa5aff546335d05.jpg,Places,0.731313131,40,2.425,4.55
2d694642b57a504b0b316c7590ba86d5.jpg,Places,0.630459444,43,5.627906977,5
2d8dc41fdd36c219bd5da129e664d01c.jpg,Places,0.661594203,43,3.697674419,3.976744186
2db24588e5076f576708d1a29c131688.jpg,Places,0.613527397,43,6.76744186,5.302325581
2dc97a45dbc8d72416c0a35ef44161fd.jpg,Places,0.681560284,43,3.88372093,4
2dd0aad5b99bf1d8f7739cdc4f2ae114.jpg,Places,0.567550505,43,4.23255814,4.23255814
2dd7673f102f00cb5c92362a3ee4ee28.jpg,Places,0.673881674,43,3.348837209,4.348837209
2df3f25d74084b32e9ad4c052a53c88b.jpg,Places,0.763013699,43,6,5.23255814
2e0b12b91aca4c29a1ba4e7455992f58.jpg,Places,0.651652387,43,4.162790698,3.162790698
2e36014d90938082491aee58d3f6a590.jpg,Places,0.5925,43,4.372093023,4.069767442
2e385e1fcbdb94c08441ee92d8fbcee0.jpg,Places,0.829537612,43,1.930232558,6.581395349
2e3b0025fcff7340461ebb7fc282d7c9.jpg,Places,0.61415608,62,6.241935484,4.322580645
2e4009a2ea8d585ba497bf5fd7816d1b.jpg,Places,0.57379349,43,3.395348837,3.930232558
2e67e1886846163e09def50361dcd5c8.jpg,Places,0.830311324,43,4.697674419,4.279069767
2e736b206488e9fae823363bdfc23722.jpg,Places,0.622019429,40,7.475,5.925
2eb4c6a3398183f2815bd46514c8d82a.jpg,Places,0.644335512,43,5.697674419,4.953488372
2ebeee33f96273cf4dc22c5f5a8d6e1c.jpg,Places,0.661517615,43,3.186046512,5.069767442
2edafa05830ba05177ed44784935aa26.jpg,Places,0.596947791,43,5.674418605,5.023255814
2edc41ddc7706a2dd94be22b13674f6b.jpg,Places,0.710040161,43,3.23255814,4.76744186
2ede5cad9dac264188de4895e29cf9d0.jpg,Places,0.668421053,43,4.581395349,3.744186047
2f02c39dabc2c18f71aa323771b1bd08.jpg,Places,0.540239726,43,7,5.790697674
2f07d5fc0d8464c81783119fa98c83ec.jpg,Places,0.686293436,43,2.860465116,4.395348837
2f0bba34d85a027acec097fe172fc42d.jpg,Places,0.752038547,43,5.627906977,4.534883721
2f35eee0d0df52af0fb2c2e2785a2264.jpg,Places,0.645760122,43,6.906976744,5.604651163
2f3e68a37d68e5bab426786d2ae708cf.jpg,Places,0.73519194,43,5.023255814,4.604651163
2f5b09056f0bdfb476f76b191d07fa5d.jpg,Places,0.489326765,43,2.534883721,4.511627907
2f5ba10137ac413573a293e864786b2a.jpg,Places,0.592463216,49,2.326530612,4.591836735
2fa5020d67299f26e69558457345ac94.jpg,Places,0.647904941,44,6.113636364,5.409090909
2fa736ef1406c56611e6867fb7c058d2.jpg,Places,0.492532006,43,5.372093023,4.209302326
2fc170131665d79a6c9d0f52ae59bbce.jpg,Places,0.72500993,44,4.954545455,4.840909091
2ff37af171e83c338a4728dc7287d9ff.jpg,Places,0.674634146,44,4.386363636,4.318181818
2ff8c0f62c39a19c2fc40069e8388087.jpg,Places,0.587673039,44,6.477272727,5.022727273
34b1378abebc1c5b87fd7099a5dc46a0.jpg,Places,0.628676471,45,6.644444444,5.044444444
366c7a465cb98a25b14577e0315952d6.jpg,Places,0.609803922,60,1.466666667,6.066666667
3677b20957c6d8049c45e827b3db92d7.jpg,Places,0.638528139,62,4.580645161,4.338709677
3745bc579754295db3b4c811a6ad37cd.jpg,Places,0.674289491,60,4.566666667,4.1
3822670c9ee61a358b8354f2d845e06d.jpg,Places,0.600473093,64,3.296875,3.96875
3a28649190d86c53706846e0df52129b.jpg,Places,0.732784538,43,5.186046512,4.744186047
3a461fed090d7fa83689e4a534c0914f.jpg,Places,0.528927964,44,6.409090909,4.840909091
3a58b529c25a3e1d0f3434f486489de7.jpg,Places,0.725820017,41,6.609756098,5.87804878
3a600c8a15616fb6e2107003ffe8347a.jpg,Places,0.619080975,46,2.47826087,4.934782609
3a86857c680b20161adf067d5fa9433d.jpg,Places,0.702865762,41,5.317073171,4.853658537
3a8eb81e5cc8bd1f922c58d6639e07a1.jpg,Places,0.587719298,41,4.707317073,4
3aa18c7989615cbf9e84d32f0039e64f.jpg,Places,0.652680653,55,6.109090909,4.145454545
3ac8ffe70b108035b51493f299b7d7f6.jpg,Places,0.618315508,41,6.487804878,5.853658537
3ad1eaf82976bfcd62fdf7efe3f73714.jpg,Places,0.554871795,41,2.024390244,4.658536585
3ad53613d1e62016f2d163f72a76d052.jpg,Places,0.634092827,55,6.345454545,4.509090909
3b08f28d9d585bfe9af0a73b73fcaa96.jpg,Places,0.702022407,55,2.363636364,4.381818182
3b27853f18bb065fae257ee8cd35cd73.jpg,Places,0.687547746,55,5.054545455,3.527272727
3b28318716c8f229919610055035ba3e.jpg,Places,0.687464549,41,2.707317073,3.658536585
3b5f8186b01245bd21db960b757f3528.jpg,Places,0.660522273,55,1.327272727,6.4
3b673726a2baf7444cb1c59a83e6799a.jpg,Places,0.713624895,55,6.436363636,4.563636364
3b6c241a0d3d3b0f490cafd1637a76c5.jpg,Places,0.69924812,55,2.327272727,4.654545455
3b7df679b2ffff2e72bd7f52fcb5388d.jpg,Places,0.65213197,41,5.658536585,4.365853659
3b801dce0def3b08832596e9d9c49581.jpg,Places,0.725657895,55,6.4,5.090909091
3b8104eef9537f390f5ec146d03f1e38.jpg,Places,0.560704023,55,4.381818182,4.436363636
3b90ee1dc537a556738135864d40f85e.jpg,Places,0.708809263,81,4.962962963,4.320987654
3b932d75f42a978a4447cbc2d09059d9.jpg,Places,0.638763198,57,1.859649123,4.701754386
3b9b0cddad6641fd97540f00b03e68aa.jpg,Places,0.676406926,41,5.146341463,5.341463415
3b9d2b3465a8d80cdf4bcbb3244a04e9.jpg,Places,0.643269231,55,3.490909091,3.6
3baa9ea42abb41d260b093fc083b5887.jpg,Places,0.694790902,55,1.818181818,4.436363636
3bd7160a76965b5288a75d7b5764a9af.jpg,Places,0.522601626,55,5.309090909,3.981818182
3be17b8dfa103047efbf532477c65204.jpg,Places,0.630958617,82,3.134146341,3.512195122
3be1dc1cbac8f940252b3cb095d56548.jpg,Places,0.703809524,55,2.2,3.6
3c33e20a115a633d1b4076e0aa24ca45.jpg,Places,0.744230769,55,5.636363636,5.945454545
3c42c59470c5a78bd8fad7a3f4223af9.jpg,Places,0.529494468,55,5.872727273,3.690909091
3c5a0b25483f34187dd3f8eca10ad399.jpg,Places,0.717265725,55,4.327272727,3.090909091
3c5dac2601b405132caf9b278cda5e0b.jpg,Places,0.707393484,55,3.2,4.363636364
3c6385d5f57104049b91e0f234839524.jpg,Places,0.570243902,84,4.452380952,3.261904762
3c7e9ab5489449b4c6daec12e1f3d512.jpg,Places,0.834669556,55,5.672727273,3.563636364
3c864b0c187d2004d777ac98d383d561.jpg,Places,0.654594069,55,3.854545455,5.109090909
3c87996b88b26718a08fb1765c20c424.jpg,Places,0.647622749,55,4.781818182,4.127272727
3c8f34aaf15f4a06e94e962204cff5c7.jpg,Places,0.61680295,55,2.854545455,3.018181818
3c9c98c501bd196ba8bdd97e02415df9.jpg,Places,0.663888889,58,5.965517241,4.568965517
3cb07366b282476d5e15cb9f405bd2d6.jpg,Places,0.640168342,58,5.862068966,3.775862069
3cb19fb52f25013ec9cbcb7175929250.jpg,Places,0.61897514,60,4.916666667,4.2
3ce7adca2a786eaf500aa94776256671.jpg,Places,0.659736195,60,1.85,3.783333333
3d1624eb4c35402296bf9bc2e790f343.jpg,Places,0.602469924,55,2.272727273,3.890909091
3d59b2b50b93bc6789d97509f8441be6.jpg,Places,0.655877617,55,6.018181818,3.836363636
3d6e7640deab0cc48ff66f82112f4939.jpg,Places,0.698571429,41,4.926829268,4.341463415
3da5732e632753fd586cc485ee1451df.jpg,Places,0.591947961,60,6.6,5.55
3ddd64c8e1bd9da05c60694765cbaa6e.jpg,Places,0.668693009,48,5.3125,4.9375
3de10e6b1ab832ee5fe530905005b0bc.jpg,Places,0.508377536,55,4.963636364,4.109090909
3e1adbe2cadd9c9df08733476638b2ed.jpg,Places,0.628571429,55,3.363636364,4.345454545
3e1d450dbf3abfdba940934fbdbdf4b0.jpg,Places,0.472963483,55,4.127272727,3.290909091
3e206fd9a5f8dc8d4a37f98fcdda26d9.jpg,Places,0.617951669,55,2.563636364,4.145454545
3e5b343cffc0b3479d7d5da6b5e224fd.jpg,Places,0.775757576,55,4,3.036363636
3e63504a056f9ae4d031ef5b232068fc.jpg,Places,0.787940379,55,5.872727273,4.563636364
3e79264c864696403ae198c00df0e69e.jpg,Places,0.670385396,60,4.883333333,3.9
3e7d77afa0df3f55870ed51e1786d9dd.jpg,Places,0.719211823,55,6.727272727,4.436363636
3ecd4ba69fcbc46e244afb86051e36e6.jpg,Places,0.67230709,41,2.658536585,4.512195122
3ed4c65eb4ba874e455ada92d56a3ff9.jpg,Places,0.642122487,44,5.840909091,4.659090909
3f25e223f09d791def484428512b18ba.jpg,Places,0.669852941,41,4.756097561,4.487804878
3f2fd5456b6a728e77f9fbbc1107ab49.jpg,Places,0.677960157,41,6.902439024,5.975609756
3f2fd9474f29da0b50ff9286b429bbc0.jpg,Places,0.610496183,65,6.046153846,5.169230769
3f6828840d37b374ae7d8e5c9d3ab667.jpg,Places,0.775862069,46,5.260869565,3.434782609
3f8d7962634e0d8474cdb7bcf0528913.jpg,Places,0.749023285,41,4.195121951,4.707317073
3face544b929a821942abc87804bcb8c.jpg,Places,0.607737164,41,5.024390244,4.073170732
40e5090bc4b80a9e6346667a8a77b628.jpg,Places,0.562872629,63,3,3.666666667
4286a8ffe01bd93a8f45987b79087df3.jpg,Places,0.649264357,63,4.507936508,4.317460317
43a33bfed518af75d58418a42cba88d4.jpg,Places,0.620322817,63,4.26984127,4.317460317
45e9c719ed026298564123ee8e1c87f7.jpg,Places,0.682878788,63,4.952380952,3.761904762
4730d1370313a6b79a564e59e360bcbf.jpg,Places,0.639858072,45,3.688888889,3.822222222
4aaab8b4282b035ffe042c903fe216b5.jpg,Places,0.683662017,41,1.536585366,6.146341463
4ac57136ce3cb26139934fb136585395.jpg,Places,0.67949069,65,2.984615385,4.076923077
4ae4e103acd454eb7db267c5f0d1220c.jpg,Places,0.774047684,41,4.341463415,4.024390244
4b128cf6d85a6892f501e4b519106f03.jpg,Places,0.754298091,43,6.209302326,4.88372093
4b22918da670c5f795651efafe73eee9.jpg,Places,0.754329004,52,3.961538462,3.615384615
4b658467b584dbf955af617eefdba7a8.jpg,Places,0.649430975,41,5.975609756,4.219512195
4bb3362aaf479c55173bc0b64e62f3f0.jpg,Places,0.602413019,41,5.268292683,3.731707317
4bc4ff80c1ff9794972d1cd9e4111439.jpg,Places,0.655812325,46,3.47826087,5.260869565
4bc5893aeb876b471fb80f30149068f9.jpg,Places,0.562106044,46,4.217391304,4.5
4bdbc769d61a05c14ff2061b68ffd00e.jpg,Places,0.74571805,41,3.853658537,4.097560976
4bfd331e8be7dce80892eaf12107913c.jpg,Places,0.73040293,43,4.162790698,3.488372093
4c18e4824a044715f6b0a9dee928188c.jpg,Places,0.665277778,41,4.341463415,3.780487805
4c19353ba58999a9227a934adfe2af14.jpg,Places,0.519504876,41,2.829268293,3.829268293
4c23a49c62ff1bbf1eefcc78dca7a998.jpg,Places,0.671882086,41,4.390243902,3.658536585
4c439fd6c90fcac1d9c247e0d30db57a.jpg,Places,0.620879121,41,3.512195122,3.195121951
4c9b824221ea465e852f409c11d0bb60.jpg,Places,0.755202629,41,6.073170732,4.487804878
4ca115e127ab0d0abbe6e72cdeb11969.jpg,Places,0.676969697,41,4.926829268,4.341463415
4ca335e2c5ee8ab076c153a7e30fd87a.jpg,Places,0.707142857,41,4.585365854,4.658536585
4cc723367cd73d73646920ee4fe7ce33.jpg,Places,0.66955267,46,3.695652174,3.326086957
4cdb59ea745c2c869fa5dcb54ef56f8e.jpg,Places,0.567338282,46,6.413043478,4.565217391
4d617813ee2d6d8c2ce9cc2d540e163f.jpg,Places,0.567102016,41,6.219512195,5
4d7c83a8e9b0984905e4da0d496113c7.jpg,Places,0.691645704,41,4.707317073,4.658536585
4d8ac604ab8dea4a21a43bfa9c19ab7f.jpg,Places,0.59437751,41,5.268292683,3.292682927
4daab2fd281459cf6196846b61e03b4c.jpg,Places,0.793092369,46,3.717391304,3.717391304
4dcbdde00377d70a80cbacaa741c7602.jpg,Places,0.734322712,46,6.239130435,5.130434783
4df17b0a165f98929a365f5943f44376.jpg,Places,0.732718894,49,5.918367347,4.979591837
4e071a14e8bb8810b4d9f8b22a564dbe.jpg,Places,0.573103224,41,4.073170732,3.926829268
4e15898fb6cb711be8d1e1e816b03784.jpg,Places,0.725373134,68,6.058823529,5.058823529
4e4f251d7da99a21bed322d4b773464c.jpg,Places,0.651243271,41,4.56097561,4.048780488
4e79ab8466acd6464fe5ffb948599840.jpg,Places,0.516709249,46,4.02173913,3.086956522
4e85ca0ad72761bc26b417c4684cc5e2.jpg,Places,0.725454545,41,6.024390244,4.731707317
4f077124a545c4dca6308878b17e9ffd.jpg,Places,0.652478448,41,5.585365854,4.365853659
4f3497df2aaac96eb256183bddc77997.jpg,Places,0.775191676,41,3.634146341,3.902439024
4f813c908c615542ba97a1961baca514.jpg,Places,0.662147887,43,3.348837209,3.23255814
4f906715b94332ac1ad636e504ea9e71.jpg,Places,0.750410734,46,5.043478261,3.456521739
4fd2506b035ecc80da8c2d87cd421e05.jpg,Places,0.651914626,41,5.341463415,4.414634146
4fdb8774c5df7bc0048cc50636d4c1e1.jpg,Places,0.647357066,41,2.073170732,5.731707317
4fe3deb0d27f19aeb04af520ad209ca8.jpg,Places,0.633547009,48,5.333333333,4.270833333
4ff83d776a4c37345cbaa621c254c0fd.jpg,Places,0.639148433,41,6.536585366,4.804878049
5035197e391a00829b583c3aaa6cdc32.jpg,Places,0.697715054,65,3.307692308,3.938461538
50e2547bb2f9293c4e3a23af1b177a66.jpg,Places,0.613804517,63,6.015873016,4.984126984
51d41f632eca2f67b41291ecba8a7ab4.jpg,Places,0.761593954,63,2.26984127,4.984126984
51d53cc6937b0273cf520a39f6ee3aac.jpg,Places,0.59422043,63,3.26984127,3.650793651
525cb60d16d968df5c9ee892baf24f6d.jpg,Places,0.696031475,45,4.333333333,3.644444444
52f6f09dfb18a8a7303e2b78867c8b03.jpg,Places,0.682497394,65,6.307692308,5.338461538
52ffa3e5889e09af34e5fe0491aa89b8.jpg,Places,0.586309524,63,2.46031746,4.126984127
5341ee309eb21192d4807c3923552ccc.jpg,Places,0.778156103,63,5.26984127,4.507936508
55d502c53afd4c3a58deb80ca9b61d6c.jpg,Places,0.685277501,63,3.952380952,4.222222222
5607057486b81691d8ac7021261bffc7.jpg,Places,0.543905408,65,3.030769231,3.846153846
5633f9422a3017da51795872b9af4b55.jpg,Places,0.726870667,63,5.396825397,4.174603175
57dbb31c35ca860aa0445d549ab36721.jpg,Places,0.768062201,65,6.246153846,5
590db0f63fe46e9c1761f999bc6f85be.jpg,Places,0.617344173,63,6.53968254,4.920634921
596a8204446f64a40a24b47025799e47.jpg,Places,0.715283401,65,4.492307692,4.446153846
5a23a47679198e010456386f5e261a82.jpg,Places,0.635384839,41,1.829268293,5.902439024
5a4a9d13e15e2bbb4dcd772f15dc001a.jpg,Places,0.458126036,41,5.12195122,3.926829268
5a5ebefcd63b8bf5d411bf5895ad304f.jpg,Places,0.615811966,46,4.891304348,4.043478261
5a89c950bc23e81703d5bfc64c71b618.jpg,Places,0.743513714,41,5.146341463,3.902439024
5aa26873791de695c77077986f7a4d1f.jpg,Places,0.68511862,41,4.365853659,4.170731707
5adb7a70cf30f2db82a625bdec7cbdcc.jpg,Places,0.625789474,41,3.048780488,3.585365854
5ae80a1c0584106e6812d1af382f7070.jpg,Places,0.671109972,41,3.926829268,4.024390244
5b9a17117584d671f8ac090ec0bace1e.jpg,Places,0.614481762,51,5.156862745,3.68627451
5bcf13250037ead4c56e6af86bc07c6e.jpg,Places,0.778491172,41,4.804878049,4.756097561
5c344c83b55c07756e19fae1a5300792.jpg,Places,0.633333333,44,5.454545455,4.113636364
5c427033413a93f5ad6704ea30e5151a.jpg,Places,0.706033183,41,6.658536585,5.024390244
5c646bc9de0a3bee820939439fe2ddc3.jpg,Places,0.724183007,44,6.75,5.568181818
5c745f01fb0188439424d34389ead83e.jpg,Places,0.850110043,41,5.853658537,5.487804878
5c78fe6abbe718fae2557f125fe74fce.jpg,Places,0.523148148,41,6.731707317,4.853658537
5cae6c11d1d0c4474bb13e36561a7405.jpg,Places,0.626404494,44,3.136363636,3.159090909
5cb416190537771b6f25cbe8b4327181.jpg,Places,0.708435708,41,2.926829268,5.097560976
5cb7fff33b98369f367a232fd5a4523a.jpg,Places,0.737227391,41,6.731707317,5.365853659
5ce0e06c6bfc43ccca69e402df32e6de.jpg,Places,0.714439398,41,5.536585366,4.780487805
5d5e1467abc8953120261b6350f1bf9a.jpg,Places,0.5957397,41,6.951219512,4.829268293
5d5f1591039adb78b1be7e320c29df21.jpg,Places,0.664369796,44,3.840909091,4.590909091
5d646a08d36c9bb80141a9e8bea3a271.jpg,Places,0.634220864,41,5.243902439,4.12195122
5d75db30b8c397599713303c2330dc67.jpg,Places,0.561538462,44,5.863636364,4.477272727
5da97d41ab3b01b7deff441faedfa5b8.jpg,Places,0.593178622,46,3.239130435,3.782608696
5dbded1c5c5b5cceba3fc8f03be50a41.jpg,Places,0.580139373,41,6.756097561,4.707317073
5dc840dd5ba5e502a92e137859fcbe0a.jpg,Places,0.858454371,41,5.341463415,5.048780488
5df7bb75e2b2b17b55246912debf934e.jpg,Places,0.631010453,40,5.125,4.75
5e10ffc07c32b122581ffbcf070e3513.jpg,Places,0.703743604,40,6.85,6.225
5e2c41acd6ccc23db61dd172046a448b.jpg,Places,0.635895676,64,5.453125,4.21875
5e369fc17ed9535e4dff640d1771ee05.jpg,Places,0.645021645,45,3.2,5.2
5e50bcf47ca4067ab1c40261723526cb.jpg,Places,0.50459511,40,6.25,4.525
5e5b9d846232bdcc3e52cd453a221dff.jpg,Places,0.565772669,40,5.65,4.175
5e63b232f65210ac92c0210d437b6800.jpg,Places,0.670667667,40,5.1,3.975
5e6a3bfabc8c77270810b762f10c109f.jpg,Places,0.650877193,40,5.25,3.7
5e70857d86fae523ed418da4aabbadef.jpg,Places,0.686824324,40,7.05,5.175
5e83165bb10aa890a84087c2c6d3edb1.jpg,Places,0.672727273,40,4.65,3.85
5e8ead9588d17ee461adaf7ffd36f02c.jpg,Places,0.711028632,42,5.976190476,4.333333333
5ead0ce68f3cff7c2dacd344e0af764c.jpg,Places,0.630883693,40,2.925,4.325
5eb846e28e527493325eec4a6452dd76.jpg,Places,0.544881228,64,4.875,3.9375
5ed3e85143dd69756b5c7b887c567814.jpg,Places,0.753565062,40,5.275,3.925
5eee6ef0621803de55e3bdef7a82cfdb.jpg,Places,0.81713555,40,4.8,3.475
5f1de49bddc9d70f9816b42d3146d343.jpg,Places,0.682352941,40,5.025,3.675
5f560d80ea8dffbb6034d4d3478377d4.jpg,Places,0.661021332,40,6.2,4.875
5f5c7938b01b12a4271f4747471b7609.jpg,Places,0.786071518,40,3.6,3.925
5f606dab9259c7683c6dfdfd08697f81.jpg,Places,0.812695435,40,4.9,5.05
5faaa3cf93b279113f874658e17fdfa8.jpg,Places,0.6359199,40,6.625,4.675
5fb85b26e06604418db1a3e2203834d3.jpg,Places,0.725441255,40,4.8,3.225
5fbebbf00c2f727355c9308c5ff11157.jpg,Places,0.499837662,45,6.955555556,5.377777778
5fdc482e5b42049a82ca070062ab59d8.jpg,Places,0.766099433,40,3.525,3.725
62b685d573ec05c9cfcf07aba0aac499.jpg,Places,0.676010679,65,3.984615385,3.630769231
649693e3ad534b361bae92adc22cab8f.jpg,Places,0.658838878,64,6.296875,4.609375
649f832aa79a19023e6b5c57def92ce2.jpg,Places,0.668128254,62,4.564516129,3.951612903
68c72dd7cd34456b92edccced920eacb.jpg,Places,0.628919861,64,2.65625,4.765625
6a0e16f76b1ef187293e2ea57ba99878.jpg,Places,0.50770956,40,7.075,5.4
6a183ed7461978a85bbd4b370c7b4854.jpg,Places,0.76242236,40,6.8,5.325
6a1f7a09ee1f269f87aeae190abc835d.jpg,Places,0.676282051,40,4.375,3.9
6a428827436fae2f1dc16138cf69fbc3.jpg,Places,0.66517165,40,3.075,5
6a46587024ecd2ee3ea4250ea28169f4.jpg,Places,0.573643411,40,4.425,3.725
6a7d50f5218dd4883b01c62fe176a6d3.jpg,Places,0.467973856,43,5.88372093,4.418604651
6a8a7d8712318130339bb151a1a480d1.jpg,Places,0.648095238,40,6.35,4.875
6a9ccdf7b1101d4aaaa89370842c3e6e.jpg,Places,0.697649573,45,3.8,4.333333333
6ab2fe301a200e852816fe89173d2a55.jpg,Places,0.636293436,40,3.125,3.875
6ad6b0dd1850cdfcac504afd50a9cc74.jpg,Places,0.564775958,40,6.825,4.85
6ae0ec6505341683e0d83ae53e066df9.jpg,Places,0.60196477,45,3.4,3.266666667
6af6b01ab0eed289383c634106b9183f.jpg,Places,0.559700402,40,3.375,3.65
6b46bd140a81b8847aecac1bb1bfdbc9.jpg,Places,0.669955724,40,5.425,4.55
6b607a30cd6194b5b5118fedf563ba22.jpg,Places,0.690449083,40,4.025,3.925
6bebcf27c4f03c95ad59258adf4f7792.jpg,Places,0.397925926,40,4.625,3.7
6c06f23eb599be6f3796957d3d866f4b.jpg,Places,0.700911755,47,3.723404255,3.340425532
6c34e2878569d763bdd92cdc72c8be88.jpg,Places,0.665963432,40,4.975,3.85
6c45b1aa2208e73263969a4dc451c31d.jpg,Places,0.778184237,40,4.325,3.7
6c4883ef39997c86c97c8a324164cab6.jpg,Places,0.726819923,40,6.675,4.925
6caa4b0d3675de1362244618036fb33d.jpg,Places,0.611319575,40,2.525,4.15
6cb2b2a420aafa64f282ef22e112d0b2.jpg,Places,0.663296259,40,4.25,3.925
6cc4d5111dddfd9c14a17b570873ac58.jpg,Places,0.655909641,40,4.55,4.375
6ccac63c540113dca8d5fd2e3f0b6d2a.jpg,Places,0.65902439,40,2.625,4.3
6ce338f24a08036711befaf2e545ce9d.jpg,Places,0.696551724,40,3.725,2.975
6d2297f38d5267ae82e9ac85f0de07d6.jpg,Places,0.668498168,40,4.35,3.375
6d2a5702310f59c0f7a6127ae1db6764.jpg,Places,0.624348833,40,4.975,4.275
6d7ebc90231cefb9b3260f3d9e2a5196.jpg,Places,0.548815953,45,5.577777778,4.266666667
6da81d5767214f6b40386c8936c643ab.jpg,Places,0.779047619,40,2.125,4.85
6dc222d50aaf01cb4b3aa6c3d9347249.jpg,Places,0.803925234,40,6.35,5.45
6dd370430dcdaed8369b96b7a74032cb.jpg,Places,0.71300742,40,4.55,3.5
6e0573a344b160956a20e9912b8fd97e.jpg,Places,0.705754476,40,7.175,5.1
6e07236b3c34eb592e263cd642a5d7fb.jpg,Places,0.514121699,40,4.4,3.2
6e2de1dd06b840fb0c30558af808c851.jpg,Places,0.671171171,64,5.515625,4.859375
6e49ee322f5e8bccbd3ec79ca8846e0f.jpg,Places,0.547645532,40,4,3.475
6e6e350db722f5caad5ef9929754fc17.jpg,Places,0.77849861,64,3.9375,3.71875
6e748cd68c6812d0fc1bb211f903b5a9.jpg,Places,0.656609195,40,5.425,3.8
6e794e951ac9439899f8677f8534618b.jpg,Places,0.481463415,64,5.984375,4.421875
6e8924926c09e8cd5ddf8c86036e63fd.jpg,Places,0.612780899,40,6.15,5.075
6eb0f7a8f13f3f2caf00adb1f6eef754.jpg,Places,0.710126582,40,5.075,4.425
6eb77fb9a7158c68e2e7e2073f76346e.jpg,Places,0.685953177,40,3.475,4.45
6eb8814a8722f85a1f97ff450bf007e0.jpg,Places,0.833333333,40,2.9,3.425
6ee5ea40cd52e1d8fdb5d823354d2eeb.jpg,Places,0.761401389,40,3.15,5.7
6ef7925a3b6b6f4edb74c00708d0a723.jpg,Places,0.54988831,64,4.515625,3.875
6f12d82b36a4c0e8ece81a87d8114bdf.jpg,Places,0.696078431,45,3.866666667,3.2
6f397a5a13eae545dcfafda9a8dfd470.jpg,Places,0.775121275,40,5.8,4.675
6f72a56bcebcd44502301b6312286d1c.jpg,Places,0.615753745,40,4.4,3.625
6f7d66dfacfe78cc53c90bf7c86da6ae.jpg,Places,0.721417405,40,3.45,3.75
6fb8d165bf94fd96f876c5337c1fb7a1.jpg,Places,0.767694776,40,5.35,4.15
6fbbfb0d3bf8fd74972577cd58ac6f68.jpg,Places,0.648392965,40,3.425,4.25
7096db64fae6464d83aba73b658251b8.jpg,Places,0.811051693,62,4.532258065,4.209677419
70fc88687e120745cd661a8d105be060.jpg,Places,0.58604336,64,6,4.484375
727b8533e5f4fc3d574b478644a57b5e.jpg,Places,0.647246022,62,6.758064516,5.596774194
7343e3dc0a765f0152c87b9cea4d9743.jpg,Places,0.706439394,62,5.838709677,4.661290323
7352d31f908f5233489799690d99f751.jpg,Places,0.794025157,69,3.768115942,3.47826087
755d2fb55d7e1b024b5e3575860079ae.jpg,Places,0.634107028,62,5.387096774,3.725806452
78571e286597421d61814e07800d21c2.jpg,Places,0.596366433,64,6.25,5.046875
7a0b236f5a29d6e70d6829a1cae74475.jpg,Places,0.696917808,40,5.55,4.025
7a1394df030b44c0f58428531dd132b9.jpg,Places,0.730440291,40,2.55,4.675
7a1a873b68ce91bcccd2358ea76c9097.jpg,Places,0.527128427,40,3.2,3.8
7a6897b5600a8cd03bdb9fc9aab346f4.jpg,Places,0.687963945,45,4.933333333,3.955555556
7a8791914e3ca49c66c1d6907761707b.jpg,Places,0.590659341,45,3.755555556,3.222222222
7a92fdd4e9290b94c76ca206be478381.jpg,Places,0.745011086,40,3.375,3.425
7a99c723d34315d42b319321db03190d.jpg,Places,0.685770957,40,3.75,3.3
7a9aefb6311f5886f7be892f8a0c2ea0.jpg,Places,0.578754579,40,4.4,3.175
7a9b726dca56a772d94e5f0be3da7d10.jpg,Places,0.606588032,40,4.5,4.025
7ab03626f990062e6132f7a256c68cc0.jpg,Places,0.5998596,40,3.325,3.6
7aba3625a49a4996c6396b5b1cebf9d5.jpg,Places,0.689778953,45,4.088888889,3.288888889
7abae2e837e9126364bdb22f4ebf503c.jpg,Places,0.612378951,40,4.875,3.85
7ac12a7d6603c7f6d8dcd574191e8029.jpg,Places,0.727535302,40,5.825,4.45
7af4a6833957cf859967230ab8c574f6.jpg,Places,0.744928039,45,3.822222222,3.377777778
7b29974e4790c66113bfacce113703f9.jpg,Places,0.560784314,45,4.022222222,3.377777778
7b38cb15bbf7440721e4c0bf38e0ddfb.jpg,Places,0.723883711,44,2.386363636,4.522727273
7b4217ab8a8e5d7eff149875439fa915.jpg,Places,0.843076923,44,4.409090909,3.818181818
7b4607b1073540052ff3b1c8ea9f75cd.jpg,Places,0.581111741,44,5.886363636,4.5
7b6b28b51bdf1d8f19c64cd3cf985f7f.jpg,Places,0.582092023,44,5.022727273,4.454545455
7b75c967bcf942c3975dbd95c7a87792.jpg,Places,0.578282828,44,4.977272727,3.772727273
7b7716dd83025d452ac39950d6a188a5.jpg,Places,0.687545788,44,2.090909091,4.886363636
7b7e11f5d0bfc47cdda53da3b78cb674.jpg,Places,0.601794258,42,6.904761905,5.5
7b9c327d3f164e8bcba9d0dde4040e6d.jpg,Places,0.703636364,44,3.386363636,3.636363636
7bbcd75e12a154f87af3a95511451035.jpg,Places,0.635029354,44,6.795454545,4.704545455
7bf32876db0e2d4745b0702c58f35cf0.jpg,Places,0.463953488,43,7.046511628,5.604651163
7c05eeb8e74f53f633c52a673c17d83f.jpg,Places,0.644745326,43,2.046511628,4.511627907
7c2a63018a5029efe0cb7b125e8a8432.jpg,Places,0.732038835,43,7.23255814,5.534883721
7c3727e04deaab6514ccfebce2b5eab4.jpg,Places,0.842717258,43,2.465116279,4.534883721
7c4f3f4fb26ac0b47b8ba51ee8b0979b.jpg,Places,0.699810606,43,4.581395349,5
7cd9d3148c17e7cb86c21e1e3d87bf42.jpg,Places,0.629789963,42,5.476190476,4.738095238
7d2d21a6fde5e2f74e771bdb28a5450a.jpg,Places,0.765748325,44,2.181818182,4.431818182
7d3b81475adcbe4c06e10c0a1650bee3.jpg,Places,0.853242758,43,6.581395349,4.860465116
7d5fb60ad9e1bfc8b38a03e2bcc3fc1a.jpg,Places,0.649155722,42,4.19047619,4.976190476
7d7b28d6967278de3edf8038daa4acab.jpg,Places,0.613830926,61,5.508196721,4.508196721
7da2cec0be1869837ce71710514f9f57.jpg,Places,0.585054297,43,6.139534884,4.744186047
7de6a3205503633c18772d3428043f0a.jpg,Places,0.722415796,43,4.534883721,4.372093023
7de6cb180b1bae33a8fdac493561ef89.jpg,Places,0.590018832,43,5.953488372,4.488372093
7e61e7f268732d10ac8cbfea7ab1e230.jpg,Places,0.830035515,43,3.860465116,4.488372093
7e6b888c08b72a90df0236e32983d9f4.jpg,Places,0.668490375,43,3.813953488,4.558139535
7e6ec80221ddf41366dd962782cda702.jpg,Places,0.707672131,43,3.651162791,3.11627907
7e7c6491904659cda90b353efa05c36c.jpg,Places,0.679020979,43,2.186046512,3.88372093
7e81be049e0de38716f12d0806e45698.jpg,Places,0.708613917,40,3.75,3.05
7e8f0df0c4e3f02cbd955688fb048121.jpg,Places,0.779356061,43,6.069767442,4.720930233
7ef99429688023ce2406b9ad9b823e2c.jpg,Places,0.758309592,43,3.604651163,3.720930233
7f06ed39ebbdc26ce2edf2de1336ae84.jpg,Places,0.597835023,43,6.930232558,5.348837209
7f71ecb2b2d72740920f76cd5a95b2e2.jpg,Places,0.631029764,42,3.142857143,3.333333333
7fbfd18e3d43b9f4e2659e4924b9b8d0.jpg,Places,0.709212377,43,6.139534884,5.651162791
7fd7964d4a740721db784ce26b38df7d.jpg,Places,0.667834793,43,6.046511628,5.279069767
7fe3057a96c73df661e071ecf79804ba.jpg,Places,0.667592593,43,2.046511628,4.813953488
7ffc36350ef7c7dcc05306b4092ac03a.jpg,Places,0.586342422,40,5.125,4.25
807c2e370cee6214ef84d4bcfba960e9.jpg,Places,0.656750227,61,3.540983607,3.704918033
81e66642b9b2a168629fdd62ece35749.jpg,Places,0.565128205,48,5.458333333,4.5625
82cf1a5eee839afa60f6715d20dbb1b9.jpg,Places,0.602350814,61,3.62295082,4.032786885
8454ece9752037482fcd9fd2656d3b19.jpg,Places,0.621638524,63,2.238095238,3.920634921
85068ae7ad2f011f10f9315136ea8edb.jpg,Places,0.636157908,63,4.682539683,3.634920635
86c6916d7a254e7c3e9678b792b824ed.jpg,Places,0.640798226,61,4.229508197,4.360655738
88d55b0a5a47f6ef66631f5e8d109c98.jpg,Places,0.649172577,63,3.904761905,3.365079365
8979facd2551c9b4d2ed46316c3109e3.jpg,Places,0.610030145,63,5.714285714,3.920634921
897df60dab22035da407d39cf375c1f1.jpg,Places,0.648682877,61,5.278688525,4.360655738
89ee533e83613d62e73513b0f33dafee.jpg,Places,0.706797707,61,3.770491803,4.147540984
8a1516363f8ecc7b1e3e332e9a7916eb.jpg,Places,0.603174603,43,3.395348837,4.255813953
8a3b4f8fbb2da33bcadaf2bd34488418.jpg,Places,0.578787879,44,4.25,4.227272727
8a671534eb7506a51ac4dc7d68844cf5.jpg,Places,0.619241192,43,3.093023256,4.023255814
8a79fac23b21aaa1ca878d027dfa24c2.jpg,Places,0.773504274,61,3.245901639,4.180327869
8ab6a46f9d9f3b8c99d5e3eeabc8738b.jpg,Places,0.513727658,42,6.380952381,4.785714286
8abf8e0d7f0269df0963a5e1f0c98fc5.jpg,Places,0.687229437,43,4.488372093,5.534883721
8ac8bc758313fb5606c25c62ffb54276.jpg,Places,0.627320955,44,1.704545455,6.681818182
8e02b71136c90353c2cf8364321471c4.jpg,Places,0.712121212,61,7.606557377,6.229508197
8e542c4a213278fc533ba8acd5723a1c.jpg,Places,0.643826761,61,7.918032787,6.62295082
8f55c9d0c4c820b2e85289fa1628b2d9.jpg,Places,0.689004554,61,4.786885246,4.327868852
909748c59bf7785c92b93a166f69c96c.jpg,Places,0.598574131,63,4.126984127,2.904761905
92ee26717754e199f9c2e354579b52ca.jpg,Places,0.797383223,55,5.309090909,6.618181818
92f36fdc2331071d335f2d87ae4cb31e.jpg,Places,0.713132795,50,5.98,4.58
934f698ff8624cabd604511f1a8886ef.jpg,Places,0.506989247,50,4.62,4.2
936b1a5a94ef3443a5bd19b4e5ef8b19.jpg,Places,0.610733945,50,6,4.34
938ba5dcb34aee4975ea4017df6b5805.jpg,Places,0.753560372,50,3.36,5.36
9429c67f6cd1ee28595e7f303408801b.jpg,Places,0.634661607,52,6.865384615,4.480769231
95ec441c437220f6d8aa1a2ddeb1660d.jpg,Places,0.706112853,50,3.68,3.42
96d4985ca1d0b1ff455e2348680c0e2c.jpg,Places,0.515268622,50,6.46,4.82
972fb942db7626855284740dbe9e1f47.jpg,Places,0.654761905,50,5.74,4.18
98e1de33aecf9079ec4fef36414a6b93.jpg,Places,0.648484848,52,2.653846154,5.134615385
9a1d5626d472050e6c18a05373c14cac.jpg,Places,0.640849603,50,6.62,5.38
9b232553d93a0296afd1e5f0655fa0db.jpg,Places,0.58981314,50,3.64,3.58
a1a243a04e8306c0ab514527d35972e8.jpg,Places,0.638076673,52,4.788461538,3.615384615
a24aebe501ae4ad878398ba32977dc9a.jpg,Places,0.707922475,52,4.788461538,4.403846154
a3c07962576e26bf069a586249b4729d.jpg,Places,0.546666667,52,2.923076923,3.865384615
a89aa50e38e4274d7bc86d4c7fbe3744.jpg,Places,0.568532819,52,5.057692308,3.673076923
a9beedf18630582392e86edc7f221a7f.jpg,Places,0.631297919,52,6.673076923,4.807692308
aac8b4690dd24ec91e828892b3998972.jpg,Places,0.705980066,57,1.912280702,6.315789474
abe336eaf110ed14cce5d4fed62a7d5a.jpg,Places,0.716569767,52,5.846153846,5.25
ad6135cac014220d71be886d1fc1edd5.jpg,Places,0.671604938,52,6.346153846,4.596153846
adafd12f7c4e36f07af42923aa0f04d7.jpg,Places,0.594565217,57,5.192982456,3.50877193
aec76c49bc92dd45910c02eb3c14bfd6.jpg,Places,0.628793656,52,3.653846154,3.903846154
af30e8d6bc3e85951f69b3bf3cbd23c2.jpg,Places,0.610613811,52,5.038461538,4.25
b3d2b68c9cf1c466e4bc765203fc3449.jpg,Places,0.651629073,54,3.87037037,3.555555556
b5171130d014c97a27cd6eafd24f167b.jpg,Places,0.753551327,52,5.211538462,3.884615385
b57f588fabe88e1e3246b8431a5cee89.jpg,Places,0.601357466,52,3.307692308,3.403846154
b67232bb58d6d107246ea1b4abb60ef5.jpg,Places,0.587330317,52,3.461538462,3.673076923
b7fb889ca0031b19f6df6aeb508f5967.jpg,Places,0.624925462,52,6.153846154,5.25
Bar 1.jpg,,0.755421687,52,5.711538462,4.653846154
Bar 2.jpg,,0.73134119,52,5.615384615,4.788461538
bbb8bd08c0620e9fa7d1a1312c5d486b.jpg,Places,0.585957447,52,5,3.769230769
bc35ab70a63de30e61cd1487569037ff.jpg,Places,0.726691729,48,4.833333333,3.6875
bd2216b367dbf187b54b9bd2be31be93.jpg,Places,0.692207792,45,2.711111111,3.288888889
Beach 2.jpg,,0.65324745,45,8.422222222,6.911111111
bf1c43d5e02fccb566b70175d2ff6d1f.jpg,Places,0.717267552,45,6.288888889,5.466666667
Bridge 1.jpg,,0.704124579,45,7.577777778,5.622222222
Building 2.jpg,,0.74665304,45,6.111111111,5.466666667
c012c28cc4d4db4f20c9a57fdd3ef690.jpg,Places,0.69806338,45,4.755555556,3.844444444
c0c8f05d4e4459f5cde9421d6caceba3.jpg,Places,0.623152709,45,4.088888889,3.688888889
c22c849bf3a2eb9c47904abc83a7b181.jpg,Places,0.627250769,50,5.58,3.92
c4dc993ac6429076c86e372fa818705b.jpg,Places,0.760297002,45,4.688888889,4.555555556
c4e9f171f63358ea0a1ce006226883f0.jpg,Places,0.6816369,45,5.288888889,3.933333333
c55c55359d44aae1d05792430170aafe.jpg,Places,0.657644824,45,4.155555556,3.733333333
c648ba549cd6ebecdfba6f6998579cdc.jpg,Places,0.754560531,50,5.28,5.68
c71dcf7bdd9c98bf79ccbe7dda4e6a97.jpg,Places,0.694730557,45,7.044444444,6.177777778
c7b5151575abc3d205e187dc5155bf20.jpg,Places,0.751928137,50,3.76,3.42
c810b0e43652c02fd0baa1fea6dc3d30.jpg,Places,0.75617284,45,4.155555556,3.177777778
c9b37e0251acb3852cfa984af9422718.jpg,Places,0.535389553,45,6.111111111,4.466666667
Camping 10.jpg,,0.7063065,45,6.088888889,5.8
Car crash 1.jpg,,0.765710045,45,1.822222222,6.111111111
Car race 1.jpg,,0.794430089,45,4.444444444,4.555555556
Car race 2.jpg,,0.767829713,45,4.266666667,4.4
ccffa36581808a0f8ac1dbc98ffac6d4.jpg,Places,0.794675992,50,3.94,4.26
cda1396fccd74c472d7c287ffd2d3178.jpg,Places,0.703703704,55,4.036363636,2.981818182
ce4298cacb4018d8db1be3961f95b8d8.jpg,Places,0.60840708,45,5.2,4.222222222
ce7b6f5fcab079f0d45ef218debc808c.jpg,Places,0.627619048,45,3.244444444,2.8
Cemetery 1.jpg,,0.716969697,45,4.377777778,5.555555556
Cemetery 4.jpg,,0.732767762,45,3.333333333,5.466666667
d4ecbe7df2fa624c4a89e7c3efd33ce3.jpg,Places,0.686687307,45,5.822222222,5.044444444
d59988771c3a6861f4c4d6132a45738d.jpg,Places,0.468147282,45,3.866666667,3.177777778
d5b5180e8720bf487dc9154b77cb6821.jpg,Places,0.54469697,45,6.133333333,3.711111111
d8f1bd0679a210b6b43880a48c128c94.jpg,Places,0.669851821,45,3.711111111,2.822222222
d973404fde2b9eb2cd2fe6ede0b9509e.jpg,Places,0.811529933,45,4.711111111,3.933333333
dda7c54d92c7279ad21757f349c7cb59.jpg,Places,0.669795461,45,3.333333333,3.311111111
Desert 1.jpg,,0.639809445,45,4.533333333,4.622222222
Destruction 2.jpg,,0.648004765,45,1.644444444,7.2
df60bae8cbd8cace28914a121d5db727.jpg,Places,0.557136027,45,6.444444444,4.644444444
Dirt 2.jpg,,0.607152645,45,6.022222222,4.911111111
Dock 1.jpg,,0.689644655,45,6.955555556,5.155555556
e131bb85539b5be9c8490e90b501656a.jpg,Places,0.69047619,45,2.911111111,3.666666667
e2e9502e653207ab70b07c15101c5c90.jpg,Places,0.650406504,48,5.375,4.3125
e3cf3724b9ff964d61ed9ffb3153ba07.jpg,Places,0.795492958,45,4.466666667,4.222222222
e3d45b63373ad9031cb579c0db267bd0.jpg,Places,0.694393382,45,5.4,4.555555556
ec4c36d347e615b04c97b3f24fbbe4c6.jpg,Places,0.703580097,48,4.208333333,3.458333333
ee3df2176491fadf8b9c71b8da833541.jpg,Places,0.586190918,45,3.955555556,3.2
ee8e82ed0b285dfde6cca72cef76a676.jpg,Places,0.674242424,45,5.044444444,3.6
Explosion 1.jpg,,0.849151477,45,3.155555556,6.688888889
Explosion 2.jpg,,0.776103896,45,2.666666667,7.311111111
f080b1874e2dc5a914391c3b16e2877f.jpg,Places,0.690193864,45,3.022222222,3.622222222
f209b8b4566de78c7f9bf8ca98846534.jpg,Places,0.70869033,45,2.577777778,3.866666667
f2b790b64d553c26483b7a5ac6250402.jpg,Places,0.633825944,45,6.4,5.333333333
f3d4756e80adf359a1c68de73ddc89a3.jpg,Places,0.653004777,45,4.822222222,3.844444444
f5ec9405fa316470da4c564c25fd5bec.jpg,Places,0.71719457,45,3.555555556,3.666666667
f8d0e2b556c983221f680fe311a7169d.jpg,Places,0.724796145,45,4.111111111,3.155555556
f96a5e1d7f9bf2b47d481848ba5a0e84.jpg,Places,0.548888889,50,4.34,3.3
f9a352a65940627eb676a24a0b613ba8.jpg,Places,0.597381342,48,3.4375,4.520833333
fa78adc152c52a2e6d89911fdf147a02.jpg,Places,0.772104608,45,7.111111111,4.8
fc7354a0bbef269140ce76bff20aa450.jpg,Places,0.655705996,45,6.044444444,4.066666667
fcc14e121a69e0f770aa11d81f3f252d.jpg,Places,0.615384615,45,7.155555556,5.911111111
fdac886d92063f43a5d74170cf6c8439.jpg,Places,0.727117923,45,6.8,4.888888889
fdb47bbf9620a5c8cacadc5cb6ee9e10.jpg,Places,0.560775613,44,5.681818182,3.75
fdba06ca0c1cd11d6ee0d98573e406e8.jpg,Places,0.472153209,44,6.477272727,3.954545455
fdbc78acd066bcb6e19c6cff0fa8f998.jpg,Places,0.590715328,44,4.636363636,3.5
fdbd3a714f0c4fe61c9cbe5a481ead5f.jpg,Places,0.481283422,44,3.386363636,2.863636364
fdc81d983bdaae0ee1a29ed59c432f71.jpg,Places,0.653432282,40,6.4,4.9
fdc9e62b6263dadd11d44260bb730622.jpg,Places,0.63001807,44,2.659090909,4.090909091
fdca2e3d40551f708df879c689a10bce.jpg,Places,0.623222516,40,3.75,3.85
fdd27cc0a8845d0684f9195c323d4b30.jpg,Places,0.619361936,40,4.05,4
fdd4060c0d7bd6109ed71def86cf1ef3.jpg,Places,0.46513124,40,4.4,4.45
fdd4e30b0b1221015ef606488e2dfa47.jpg,Places,0.532142857,40,4.7,4.4
fdd57d9f06ece33c6a6d6f38dfe77684.jpg,Places,0.533768315,40,5.225,3.9
fdda6cc29804708ad31e75527cd76e9c.jpg,Places,0.644268775,40,5.575,4.525
fddaf473f2ead15f3a812051a379fb26.jpg,Places,0.502693966,40,4.875,4.125
fde00b03bd2d502f8c332e7e38b462db.jpg,Places,0.612758694,40,5.025,3.15
fde012ce438a27c70a4a07c1ecb7ea7b.jpg,Places,0.707647059,40,5.325,4.55
fde1832ad64ad2101e5e387e3143908f.jpg,Places,0.564004914,40,5.5,4.625
fde41f8a2e6a3eda0bf51e766243ad14.jpg,Places,0.559464582,40,3.575,4.225
fde5736d346afa70585fdc64dace1fdf.jpg,Places,0.733170678,40,3.1,4
fdf0fa785be5db657cacae60f9aef489.jpg,Places,0.615964149,40,4.375,4.125
fdf141341272f2fe0bb0941ce95e772e.jpg,Places,0.669565217,40,5.4,4.775
fdf1ad1e3e138c6f01a18ffa41e22238.jpg,Places,0.717948718,40,5.4,4.025
fdf2fc3da9fb502ef8162e23865739b5.jpg,Places,0.719444444,40,4.075,4.175
fdfafa60d3368a4791964fe6c16e2cba.jpg,Places,0.654354207,40,6.775,4.775
fdfca37959eee6869b01efa06724510f.jpg,Places,0.573497749,40,5.05,3.975
fe005f49f1de99213a56bc2360f5db23.jpg,Places,0.561758668,40,4.075,3.75
fe008d327e26279951e9b863aa0a010e.jpg,Places,0.612951656,40,4.425,4.275
fe00f1d3b66c4c6e3c441b9c5c929391.jpg,Places,0.707462503,40,4.125,3.775
fe01aa3d784ae71cb1cab05314828def.jpg,Places,0.589748122,40,6.45,5.1
fe05bcff562f480c546995c681444a88.jpg,Places,0.698970476,40,4.275,3.6
fe062f9728b7e01cf4d309fef5f05a9c.jpg,Places,0.566307501,40,3.625,3.675
fe0d44278af08e5d030e12f986184f2b.jpg,Places,0.734526084,40,5.9,4.1
fe0f3b9fd72c1ade8a3b159f96c0ff7d.jpg,Places,0.627070263,40,5.375,4.075
fe10af56247c460794ccb0fdb4f10a06.jpg,Places,0.714321608,40,5.8,3.8
fe12a81ec4f462dba63c63d1af8cbd3e.jpg,Places,0.637958533,40,6.075,4.35
fe1371faeef18706d37a45dac860fedb.jpg,Places,0.715439807,40,6.725,5.725
fe20fb1d85b9e167448d8579e2dc9afa.jpg,Places,0.69629156,40,2.825,3.85
fe25ff4825132970ac366436a7ac7f52.jpg,Places,0.594487241,40,6.7,5.425
fe2bb60c046b47e6a590fbd51eaaef76.jpg,Places,0.610714286,40,5.2,3.725
fe311329a304ffd9358dc8999a64086e.jpg,Places,0.639640987,40,5.875,4.575
fe31b8e64c7a433543f0dff2157f5de1.jpg,Places,0.660493827,40,3.2,4.925
fe3637013bb2ca277b1722b0cd5ccc5d.jpg,Places,0.676160991,40,4.55,4.275
fe468ad519df28364c824834d2e6b684.jpg,Places,0.564681296,40,4.75,3.625
fe46f8d490701b8ef2844670d86bc820.jpg,Places,0.541005291,40,5.35,3.975
fe4bff713aa8b9f226690cdba7bd8168.jpg,Places,0.559646775,40,6,4.775
fe4c0d3e9d748f67d909ef5458961b7b.jpg,Places,0.676392573,40,2.675,4.6
fe4f2afb90b918a645dc5f9af336049d.jpg,Places,0.542721331,40,3.825,4.15
fe51eaaae616424ee1dc75cdc590c805.jpg,Places,0.546202324,40,6.475,4.7
fe52f439a08905f2eb451a3f1ac144db.jpg,Places,0.640285205,40,3.25,3.85
fe58c84892f6758aae689cc6092a9ecd.jpg,Places,0.742424242,40,5.175,3.775
fe5b2d8193adc023f7cfff596e2b946d.jpg,Places,0.732846767,40,3.825,3.2
fe5be87edb4d3d18d672c6cf015de060.jpg,Places,0.602516502,40,5.725,4.875
fe5bfeaa6f1c94ad359bad0af54b2e0d.jpg,Places,0.602920479,40,5.525,4.15
fe5cffd30c7b41710f86d2368aedc324.jpg,Places,0.686468504,40,4.7,4.175
fe5e73a188c13e29c0d52cc4fd6f28e9.jpg,Places,0.570299145,40,6.175,4.4
fe621bb1913b7105fa49291116b40129.jpg,Places,NA,40,6.95,4.725
fe72718d821af79325bd7f405b581abd.jpg,Places,0.675824742,40,4.275,4.95
fe73bde7bf50f520fad2fa8aa035fe51.jpg,Places,0.60519195,40,6.775,4.75
fe7ce6c5da643ee16e4df1aa1c63ce3f.jpg,Places,0.592001748,40,7.125,5.825
fe89ccf86cfa58f8476012081ede5c45.jpg,Places,0.49533046,40,5.625,4.65
fe8a11cc838003636cbdcb32160e1153.jpg,Places,0.61094182,40,4.275,6.375
fe8e572e704fa1f05f25e51c3c9fd4fa.jpg,Places,0.560159557,40,6.825,5.65
fe8e77abc278dbb12f316e5613a28d62.jpg,Places,0.611515969,40,5.625,4.6
fe94060a38c66b153d74f1033e7e6aa2.jpg,Places,0.566428571,40,4.825,3.85
fe999ccf3dec423cee19f6b8eb2e0ba5.jpg,Places,0.67643934,40,7.05,5.325
fea18953dac5a0b06e045ef63cf457e4.jpg,Places,0.554742389,40,4.675,3.65
fea45e0d5baf7d14a0ffd41ccc18c9f0.jpg,Places,0.612212169,40,6.475,4.525
feae58a7995147513f3b708510b34bde.jpg,Places,0.516372968,40,2.525,4.075
febaf1519c8b4163e7c9aab16770959a.jpg,Places,0.621428571,40,6.95,4.9
febb0efef2bb0d1a6d4ce2f746cd64ea.jpg,Places,0.615538527,40,6.45,5.25
febbb3263f91782510b34af10d869f71.jpg,Places,0.668367347,40,5.875,4.05
fec11dda30431706f5eb888ce3492570.jpg,Places,0.688630932,40,2.6,5.175
fec182c8f186b02e25eb601aaaaf6c6b.jpg,Places,0.501067896,40,5.45,4.875
fec2211aa4477f705a7b7fd5610e2224.jpg,Places,0.425747897,40,5.125,5.025
fec5d1c0b76c188a1ba18f8ff489745d.jpg,Places,0.557755141,40,6.25,4.95
fec7756d48d357270fcfa030a36914be.jpg,Places,0.652362321,40,6.375,4.225
fecc35769dff0f2c19ad0dc2ff4283e8.jpg,Places,0.66096715,40,7.45,5.55
fece45db16f030a46f7e3da9c12c9dbc.jpg,Places,0.723557692,40,6.6,5.475
fed68ff713db60eac84b65889ac38028.jpg,Places,0.635734543,40,4.675,4.325
feda202ca3d6bfd1aeb0da37fdc38a57.jpg,Places,0.70212766,40,5.275,3.6
fedfb2f251bbf5e3aba7c0dc0219eb73.jpg,Places,0.661024433,40,6.15,5.3
fee26e1037ff1b39515cef28239e6eca.jpg,Places,0.438600709,40,5.4,4
fee53c5af6902ac98a31fbd6b92d402d.jpg,Places,0.528194056,40,5.5,3.625
fee66e334d485bff76ba72bb2eff63c2.jpg,Places,0.729166667,40,6.4,4.625
feebb8e8928813d014605bb6670122fa.jpg,Places,0.627224959,40,5.25,4.35
feed37c68b65b98d87dfbded917a2cbf.jpg,Places,0.518518519,40,3.7,3.4
feed528bc121918ffce4f02bd1d6f2f4.jpg,Places,0.646764347,40,5.975,3.925
fef2a7e1927a3b5b95187530d36f7578.jpg,Places,0.688063512,40,6.875,4.875
fef52d08fa721202036106f66f1505ac.jpg,Places,0.560478482,40,3.45,5.575
ff00018550c672a2b4709c655f890477.jpg,Places,0.760946907,42,5.428571429,4.452380952
ff0271319cf154407ab900cd09fed85e.jpg,Places,0.661123228,42,4.642857143,4.595238095
ff04120f137eed22cde90ba3be0f7c12.jpg,Places,0.599960915,42,4.904761905,3.714285714
ff08d7dc5bacb06fdf12fd18421b093b.jpg,Places,0.649209081,42,5.261904762,3.642857143
ff14a197f1041a87f504215f7ada432d.jpg,Places,0.718783069,42,3.119047619,3.928571429
ff15b6b78a535a23938bb6e3a4368882.jpg,Places,0.612204519,42,3.976190476,4.261904762
ff225bd1b288aa4ee588ca11ca102c91.jpg,Places,0.524077869,42,4.119047619,2.952380952
ff28796767d99273def9eb0e6db65953.jpg,Places,0.585233576,42,5.619047619,3.880952381
ff296975cff994a989c6146faba10ef2.jpg,Places,0.527195946,42,5.642857143,3.714285714
ff2f246eafbde79a2dcd72e4fa18923a.jpg,Places,0.471791508,40,3.7,3.4
ff353ccc3514866b992a57472cff8627.jpg,Places,0.506927814,42,4.880952381,3.547619048
ff378d46eed167348823a016aa1e9043.jpg,Places,0.638563856,42,5.428571429,3.738095238
ff41cde42c0ebd0f7bb4faf73b95e696.jpg,Places,0.688901602,42,3.761904762,4.357142857
ff4a6976c6a7903529752e27103a0547.jpg,Places,0.665634675,40,6.55,5.1
ff4befc70c124430a2877242531455f1.jpg,Places,0.663780664,40,3.775,4.225
ff4c377b9537cea0387d911a6595c7c4.jpg,Places,0.607609711,40,5.3,4.85
ff4d01d75d50faf331cafb1b94574410.jpg,Places,0.466886407,40,5.95,4.7
ff510306f34d327e8ec6621901166854.jpg,Places,0.526017029,42,3.738095238,2.69047619
ff52ebec9d07da7fd2f4fc3dd5ab07fa.jpg,Places,0.632482759,42,6.261904762,3.952380952
ff5c6668fd746970aaf54d8d37a53bba.jpg,Places,0.663533835,40,6.275,4.925
ff5efa3f3c7ebb6c1f0e5e8274b1e998.jpg,Places,0.741232927,42,5.119047619,4.380952381
ff5f22bc4d54d621d2cefa6ef6e59af5.jpg,Places,0.520871985,42,6.976190476,6.047619048
ff6289fea569d4cad84cb9f0e492bfa0.jpg,Places,0.691524621,42,3.857142857,2.952380952
ff63b7ec291c70a9709fa1bbaab78152.jpg,Places,0.685853923,42,5.333333333,3.857142857
ff656bce66113851d9c0cd8c9534bcf4.jpg,Places,0.525643167,42,5.238095238,4.095238095
ff69a32d8c32881f234d7df35fffe3db.jpg,Places,0.644656922,42,2.047619048,4.428571429
ff6a78b340d9ad7036df93a7cad6734a.jpg,Places,0.645472837,42,4.071428571,3.380952381
ff6c0343eb49f6b0730243abbfa6d997.jpg,Places,0.478766431,42,4.023809524,3.19047619
ff706d8f01d49bf15e45d7c6c3df226f.jpg,Places,0.639077341,42,3.928571429,2.904761905
ff707ee4de67b0d1c520972dcded99aa.jpg,Places,0.648558838,42,2.285714286,4.404761905
ff7279b0fc8a347bad8ca68136521c56.jpg,Places,0.555957145,42,5.523809524,3.523809524
ff768b31ee7a59941a32e842e205f898.jpg,Places,0.585149997,42,5.595238095,4.595238095
ff775e0aab0fac9ed6f2cda33af71491.jpg,Places,0.64183717,42,5.357142857,3.30952381
ff78877db954ed80e7ee532dcd386e3d.jpg,Places,0.640352601,42,5.904761905,3.5
ff8634e2add5d8de18b970a55d62a5ac.jpg,Places,0.557142857,42,6.452380952,4.5
ff8a0ff1a088141afa63f2de1fb1f323.jpg,Places,0.526507818,42,5.333333333,3.523809524
ff8bff3a0844bc1f8d78481d6ff3a55c.jpg,Places,0.592773075,42,4.285714286,3.452380952
ff8d991d099a9954a31627bb941db4d2.jpg,Places,0.72514112,42,6.452380952,5.523809524
ff967975689f96f4b07168ad87230030.jpg,Places,0.449579832,42,5.428571429,3.547619048
ffacecd7ff2483bae112f8f0e8356a68.jpg,Places,0.479191022,47,5.914893617,3.936170213
ffae6b854145e6d36e5b5e07904bcae3.jpg,Places,0.604157452,47,4.021276596,3.319148936
ffaf7b39304dbee9621d179ea71d3c03.jpg,Places,0.645304456,47,4.978723404,3.382978723
ffb04fb049762daf16684b2a3cc84517.jpg,Places,0.582700175,47,4.723404255,4.893617021
ffb4a2224773cc9402115b14ee95ee01.jpg,Places,0.619262119,47,2.680851064,4.617021277
ffb4b1dca9f9b9551c1f6ddc5542cf78.jpg,Places,0.623449612,47,4.872340426,3.255319149
ffb596e9e47a2eaebdb87ed13fedb509.jpg,Places,0.575702076,58,4.689655172,3.068965517
ffb6386524ab5a89415001700ece2b30.jpg,Places,0.583797155,58,4.017241379,3.551724138
ffb86a0171f03cc3009c50576886df93.jpg,Places,0.669938335,58,3.534482759,3.24137931
ffbde31cbf675ee721e5f3669beb82c7.jpg,Places,0.633142857,58,4.344827586,3.465517241
ffbf67b06880abe66cf01e4026e70732.jpg,Places,0.718495298,58,2.931034483,3.672413793
ffc381d9e3a24898d5b811277ea0c156.jpg,Places,0.693611473,58,5.534482759,4.172413793
ffc5bd4192ad5288d30d9bbf720c3b79.jpg,Places,0.577338129,58,5.75862069,3.913793103
ffcb4a1fcd23dbe53b9a10e0e90ec3ad.jpg,Places,0.475641026,58,4.568965517,3.655172414
ffceddd6954c2444e8f5a8bc32f9fd6e.jpg,Places,0.629573935,58,4.465517241,3.465517241
ffdf620df04da17f68ccd52445f2e6ab.jpg,Places,0.732209918,58,2.724137931,3.327586207
ffe6e2d0b9d52aa9710bdbce6b0c456e.jpg,Places,0.593675889,58,5.965517241,4.844827586
ffea5ae2717cdc3987215e67a226d794.jpg,Places,0.636086475,58,3.517241379,3.586206897
ffef5b6ece3a2dda515e981c7b22d3fd.jpg,Places,0.615774469,58,4.568965517,3.344827586
fff167ffc85ab2ac837930990e8e9937.jpg,Places,0.61942959,58,5.172413793,3.810344828
fff1eee0327dc5e1cc0920c965a196bb.jpg,Places,0.724650409,58,3.103448276,4.017241379
fff1f99a649e3d1cfa2bd2097cae35e9.jpg,Places,0.645962733,58,6.275862069,4.293103448
fff88adebb85162c61c1e3dd4f9b8e0d.jpg,Places,0.548727356,58,5.034482759,4.448275862
fffa1c119e55c2fab45e56dd9a1047fb.jpg,Places,0.639334522,58,3.051724138,2.551724138
Fire 2.jpg,OASIS,0.766223343,64,2.359375,6.453125
Fire 4.jpg,OASIS,0.761672474,64,4.953125,5.546875
Fireworks 1.jpg,OASIS,0.80450811,64,7.265625,6.40625
Fireworks 2.jpg,OASIS,0.722158658,64,7.3125,6.578125
Flood 1.jpg,OASIS,0.717808219,64,1.984375,5.390625
Garbage dump 2.jpg,OASIS,0.74005305,64,1.53125,6.578125
Garbage dump 5.jpg,OASIS,0.657289322,64,1.65625,5.890625
Grass 4.jpg,OASIS,0.694292653,64,5.921875,4.125
Grass 6.jpg,OASIS,0.782352941,64,6.015625,4.765625
Graveyard 3.jpg,OASIS,0.793947037,64,3.390625,5.59375
Graveyard 4.jpg,OASIS,0.704244229,64,3.59375,5.390625
Hallway 1.jpg,OASIS,0.678510638,64,1.90625,5.84375
Jail 1.jpg,OASIS,0.737373737,64,1.890625,6.234375
Jail 3.jpg,OASIS,0.770186335,64,1.9375,5.90625
Lake 1.jpg,OASIS,0.638961039,64,7.796875,6.09375
Lake 11.jpg,OASIS,0.539979757,64,6.984375,5.875
Lake 3.jpg,OASIS,0.613830926,64,7.609375,5.953125
Lava 1.jpg,OASIS,0.75507801,86,4.709302326,5.709302326
Lightning 1.jpg,OASIS,0.764856712,85,5.847058824,5.976470588
Lightning 3.jpg,OASIS,0.780669599,94,6.127659574,6.585106383
Memorial 1.jpg,OASIS,0.721484508,86,4.651162791,5.127906977
Nature 1.jpg,OASIS,0.564077244,84,7.821428571,6.119047619
Nature 2.jpg,OASIS,0.549852586,98,7.040816327,5.520408163
NegHighNonsoc_1.jpg,COMPASS,0.75872093,55,1.545454545,6.454545455
NegHighNonsoc_10.jpg,COMPASS,0.728776371,59,1.491525424,6.576271186
NegHighNonsoc_12.jpg,COMPASS,0.67839945,65,1.784615385,5.738461538
NegHighNonsoc_13.jpg,COMPASS,0.734093319,52,1.884615385,6.384615385
NegHighNonsoc_15.jpg,COMPASS,0.711931444,52,1.826923077,5.884615385
NegHighNonsoc_16.jpg,COMPASS,0.710740265,64,1.84375,5.78125
NegHighNonsoc_18.jpg,COMPASS,0.822766036,64,1.671875,6.46875
NegHighNonsoc_19.jpg,COMPASS,0.790726817,58,1.620689655,6.982758621
NegHighNonsoc_2.jpg,COMPASS,0.779761905,59,2.033898305,6.644067797
NegHighNonsoc_20.jpg,COMPASS,0.732352941,48,1.416666667,7.145833333
NegHighNonsoc_21.jpg,COMPASS,0.735191638,53,2.603773585,5
NegHighNonsoc_22.jpg,COMPASS,0.804562479,63,2.523809524,6.222222222
NegHighNonsoc_23.jpg,COMPASS,0.705453149,65,2.384615385,4.861538462
NegHighNonsoc_25.jpg,COMPASS,0.67983368,52,2.538461538,5.115384615
NegHighNonsoc_9.jpg,COMPASS,0.758792879,62,2.693548387,5
NegMidNonsoc_11.jpg,COMPASS,0.798976608,62,2.032258065,4.709677419
NegMidNonsoc_12.jpg,COMPASS,0.556701031,68,2.102941176,4.867647059
NegMidNonsoc_13.jpg,COMPASS,0.765252938,66,3.227272727,4.757575758
NegMidNonsoc_14.jpg,COMPASS,0.622247318,67,2.208955224,4.955223881
NegMidNonsoc_16.jpg,COMPASS,0.676712329,68,2.279411765,5.367647059
NegMidNonsoc_17.jpg,COMPASS,0.835300502,65,2.876923077,4.492307692
NegMidNonsoc_18.jpg,COMPASS,0.753728252,55,1.636363636,6.072727273
NegMidNonsoc_19.jpg,COMPASS,0.62233677,56,2.178571429,4.767857143
NegMidNonsoc_20.jpg,COMPASS,0.772893773,65,2.507692308,4.107692308
NegMidNonsoc_21.jpg,COMPASS,0.638970349,72,2.652777778,4.444444444
NegMidNonsoc_22.jpg,COMPASS,0.810591202,60,1.933333333,5.866666667
NegMidNonsoc_23.jpg,COMPASS,0.738888889,61,3.606557377,3.639344262
NegMidNonsoc_25.jpg,COMPASS,0.588166029,65,3.030769231,4.046153846
NegMidNonsoc_3.jpg,COMPASS,0.703616637,58,1.879310345,5.982758621
NegMidNonsoc_5.jpg,COMPASS,0.695183446,65,1.984615385,4.830769231
NegMidNonsoc_7.jpg,COMPASS,0.752534941,62,1.967741935,5.693548387
NegMidNonsoc_8.jpg,COMPASS,0.757142857,57,2.964912281,5.035087719
NegMidNonsoc_9.jpg,COMPASS,0.740977444,64,1.71875,6.71875
NeutMidNonsoc_1.jpg,COMPASS,0.606060606,45,3.444444444,3
NeutMidNonsoc_2.jpg,COMPASS,0.756982743,45,5.577777778,3.844444444
NeutMidNonsoc_3.jpg,COMPASS,0.723205258,45,4.155555556,3.777777778
NeutMidNonsoc_4.jpg,COMPASS,0.764566142,45,6.444444444,5.2
NeutMidNonsoc_5.jpg,COMPASS,0.745942636,45,2.444444444,3.066666667
NeutMidNonsoc_6.jpg,COMPASS,0.623028786,45,2.777777778,2.933333333
NeutMidNonsoc_8.jpg,COMPASS,0.645564169,45,5.8,3.555555556
Path 1.jpg,OASIS,0.744889445,45,5.666666667,3.755555556
Plane crash 2.jpg,OASIS,0.697666318,45,2.2,4.844444444
Plane crash 3.jpg,OASIS,0.745967742,45,1.911111111,5.333333333
Pollution 1.jpg,OASIS,0.669210174,45,2.177777778,5.333333333
Power lines 1.jpg,OASIS,0.593366778,68,4.411764706,4.117647059
Skijump 1.jpg,OASIS,0.68962963,68,4.867647059,4.970588235
Sky 1.jpg,OASIS,0.657059757,42,5.476190476,3.5
Skyscraper 1.jpg,OASIS,0.797460966,68,4.558823529,3.617647059
Solar panel 1.jpg,OASIS,0.715277778,68,4.441176471,4.367647059
Street 3.jpg,OASIS,0.651604989,68,6.514705882,5.029411765
Volcano 1.jpg,OASIS,0.626188966,68,4.588235294,5.117647059
Volcano 2.jpg,OASIS,0.717519182,68,3.191176471,6.220588235
Wedding 12.jpg,OASIS,0.720403308,68,5.279411765,3.794117647
Woods 1.jpg,OASIS,0.607343941,68,3.102941176,4.941176471